2026-04-13 09:51:31.900316, ACCESS GRANTED
2026-04-13 09:51:41.904609, ACCESS GRANTED
2026-04-13 09:52:01.438922, ACCESS GRANTED
2026-04-13 09:52:11.505128, ACCESS GRANTED
2026-04-13 09:52:24.506774, ACCESS GRANTED
2026-04-13 10:54:49.485442, ACCESS GRANTED
2026-04-13 10:54:59.682204, ACCESS GRANTED
2026-04-13 10:55:12.651913, ACCESS GRANTED
2026-04-13 10:55:22.849097, ACCESS GRANTED
2026-04-13 10:55:34.928058, ACCESS GRANTED
2026-04-13 10:55:56.079399, ACCESS GRANTED
2026-04-13 10:56:06.182642, ACCESS GRANTED
2026-04-13 11:09:49.845410, ACCESS GRANTED
2026-04-13 11:09:59.930048, ACCESS GRANTED
2026-04-13 11:10:09.934640, ACCESS GRANTED
2026-04-13 11:10:45.171509, ACCESS GRANTED
2026-04-13 11:10:55.181644, ACCESS GRANTED
2026-04-13 11:12:15.560488, ACCESS GRANTED
2026-04-13 11:14:08.126624, ACCESS GRANTED
2026-04-13 11:14:18.220657, ACCESS GRANTED
2026-04-13 11:16:57.032307, ACCESS GRANTED
2026-04-13 11:17:08.766895, ACCESS GRANTED
2026-04-13 11:19:35.608283, ACCESS GRANTED
2026-04-13 11:22:30.984968, ACCESS GRANTED
2026-04-30 10:58:58.290731, ACCESS GRANTED
2026-04-30 10:59:20.368423, ACCESS GRANTED
2026-04-30 11:00:14.918479, ACCESS GRANTED
2026-04-30 11:00:45.247349, ACCESS GRANTED
2026-04-30 11:46:05.212764, ACCESS GRANTED
2026-04-30 11:47:36.560895, ACCESS GRANTED
2026-04-30 11:47:55.630691, ACCESS GRANTED
2026-04-30 11:48:05.664415, ACCESS GRANTED
2026-04-30 11:48:15.730262, ACCESS GRANTED
2026-04-30 11:48:25.731947, ACCESS GRANTED
2026-05-04 12:15:23.043276, ACCESS GRANTED
2026-05-04 12:15:34.693901, ACCESS GRANTED
2026-05-04 12:15:44.725303, ACCESS GRANTED
2026-05-04 12:16:25.303943, ACCESS GRANTED
2026-05-04 12:16:35.419039, ACCESS GRANTED
2026-05-04 12:16:45.516518, ACCESS GRANTED
2026-05-04 12:16:55.681415, ACCESS GRANTED
2026-05-04 12:17:05.743754, ACCESS GRANTED
2026-05-04 12:17:15.907285, ACCESS GRANTED
2026-05-04 13:02:22.058630, ACCESS GRANTED
2026-05-04 13:09:10.256525, ACCESS GRANTED
2026-05-04 13:09:20.293931, ACCESS GRANTED
2026-05-04 13:09:31.613017, ACCESS GRANTED
